target_id,callsign,timestamp,timestamp_source,time_source,message_seq,lat,lon,altitude,alt_type,speed,heading,vertical_rate,on_ground,status_flags,validity_flags,latitude_code,longitude_code,altitude_code,speed_code,heading_code,vertical_rate_code,lat_valid,lon_valid,altitude_valid,speed_valid,heading_valid,vertical_rate_valid,callsign_valid,checksum,expected_checksum,message_valid,validation_errors,source
000001,TEST0001,1710000060,position_time,position_time,1,2.1457677235048322e-05,4.2915354470096645e-05,0.0,barometric,0.0,0.0,0.0,True,1,127,2097152,2097152,1000,0,0,32768,True,True,True,True,True,True,True,1924,1924,True,,partner_stream
000001,TEST0001,1710000090,position_time,position_time,2,0.010020735268767567,0.009999277591532518,10.0,barometric,10.0,45.0,0.0,False,0,127,2097385,2097268,1010,100,4500,32768,True,True,True,True,True,True,True,2578,2578,True,,partner_stream
000001,TEST0001,1710000120,position_time,position_time,3,0.020020012860300085,0.020041470537535133,20.0,barometric,20.0,90.0,0.0,False,0,127,2097618,2097385,1020,200,9000,32768,True,True,True,True,True,True,True,2724,2724,True,,partner_stream
780abc,CES1234,1710000060,position_time,position_time,4,31.230383212657742,121.47367035714876,9800.0,barometric,230.5,86.0,0.0,False,0,127,2824872,3512422,10800,2305,8600,32768,True,True,True,True,True,True,True,2681,2681,True,,partner_stream
780abc,CES1234,1710000090,position_time,position_time,5,31.240382490249274,121.48371255009476,9850.0,barometric,231.0,87.0,1.0,False,0,127,2825105,3512539,10850,2310,8700,32868,True,True,True,True,True,True,True,3062,3062,True,,partner_stream
780abc,CES1234,1710000120,position_time,position_time,6,31.250381767840807,121.49366891233183,9900.0,barometric,231.5,88.0,1.5,False,0,127,2825338,3512655,10900,2315,8800,32918,True,True,True,True,True,True,True,2882,2882,True,,partner_stream
780def,,1710000060,last_contact_fallback,last_contact_fallback,7,30.27410036900052,120.1551390064094,7500.0,geometric,,270.0,-1.2,False,6,55,2802589,3497060,8500,0,27000,32648,True,True,True,False,True,True,False,2506,2506,True,,partner_stream
780def,,1710000090,position_time,position_time,8,30.26410109140899,120.1450968134634,7450.0,geometric,,269.0,-1.0,False,2,55,2802356,3496943,8450,0,26900,32668,True,True,True,False,True,True,False,2563,2563,True,,partner_stream
780def,,1710000120,position_time,position_time,9,,,7400.0,geometric,,268.0,-0.8,False,2,52,0,0,8400,0,26800,32688,False,False,True,False,True,True,False,2172,2172,True,,partner_stream
