target_id,timestamp,message_seq,track_sequence_no,lat,lon,altitude,speed,heading
000001,1710000060,1,1,2.1457677235048322e-05,4.2915354470096645e-05,0.0,0.0,0.0
000001,1710000090,2,2,0.010020735268767567,0.009999277591532518,10.0,10.0,45.0
000001,1710000120,3,3,0.020020012860300085,0.020041470537535133,20.0,20.0,90.0
780abc,1710000060,4,1,31.230383212657742,121.47367035714876,9800.0,230.5,86.0
780abc,1710000090,5,2,31.240382490249274,121.48371255009476,9850.0,231.0,87.0
780abc,1710000120,6,3,31.250381767840807,121.49366891233183,9900.0,231.5,88.0
780def,1710000060,7,1,30.27410036900052,120.1551390064094,7500.0,,270.0
780def,1710000090,8,2,30.26410109140899,120.1450968134634,7450.0,,269.0
780def,1710000120,9,3,,,7400.0,,268.0
